term;definition;source;info_semantica
incidente de seguridad;``` Incidente de seguridad ``` Ejemplo: ``` Un incidente de seguridad es una situación que puede afectar la confidencialidad, integridad o disponibili.;"<i><a href=""https://www.incibe.es/sites/default/files/contenidos/guias/doc/guia_glosario_ciberseguridad_metad.pdf?bcsi_scan_c5f5d8e479916bf5=0&amp;bcsi_scan_filename=guia_glosario_ciberseguridad_metad.pdf"" target=""_blank"">Glosario de términos de ciberseguridad: una guía de aproximación para el empresario<time datetime=""14.11.2019""> (14.11.2019)</time></a></i>, Instituto Nacional de Ciberseguridad, León, 2017";"Variants: incidente de seguridad | Domains: EDUCATION AND COMMUNICATIONS | Context: Cualquier suceso que afecte a la confidencialidad, integridad o disponibilidad de los activos de información de una empresa o entidad, por ejemplo: acceso o intento de acceso a los sistemas o uso, divulgación, modificación o destrucción no autorizada de información. | Ref: <i><a href=""https://www.incibe.es/sites/default/files/contenidos/guias/doc/guia_glosario_ciberseguridad_metad.pdf?bcsi_scan_c5f5d8e479916bf5=0&amp;bcsi_scan_filename=guia_glosario_ciberseguridad_metad.pdf"" target=""_blank"">Glosario de términos de ciberseguridad: una guía de aproximación para el empresario<time datetime=""14.11.2019""> (14.11.2019)</time></a></i>, Instituto Nacional de Ciberseguridad, León, 2017"
memoria lenta;``` La memoria lenta es una forma de almacenar datos que se caracteriza por ser más lenta que la memoria rápida, pero también más barata y con mayor c.;J.A. Alonso y J.M. Otero, Ingenieros;Variants: memoria lenta | Domains: EDUCATION AND COMMUNICATIONS | Context: almacenamiento cuya lentitud de acceso reduce el promedio de procesamiento de los datos | Ref: J.A. Alonso y J.M. Otero, Ingenieros
verificación;## verificación ### procesamiento de datos #### definición - Verification is the process of checking that a product, service or system meets its requi.; 2) comprobación oficial de la corrección de un programa;Variants: verificación | Domains: EDUCATION AND COMMUNICATIONS | Context: proceso consistente en determinar si los productos de una fase dada de un ciclo de desarrollo cumplen o no los requisitos establecidos durante la fase precedente | Ref: 2) comprobación oficial de la corrección de un programa
marcación por impulsos;1. 2. 3. 4. 5. 6. 7. 8. 9. 10. 11. 12. 13. 14. 15. 16. 17. 18. 19. 20. 21. 22. 23. 24. 25. 26. 27. 28. 29. 30. 31. 32. 33. 34.;Antonio Soto López, ingeniero de sistemas, Alcatel-Standard Eléctrica, S.A., Madrid;Variants: marcación por impulsos | Domains: EDUCATION AND COMMUNICATIONS | Context: impulsos decádicos | Ref: Antonio Soto López, ingeniero de sistemas, Alcatel-Standard Eléctrica, S.A., Madrid
artículo;1 0 # artículo ## Definición Un artículo es una entidad que representa un producto o servicio que se vende a través de un canal de distribución. Un ar.;J.A. Alonso y J.M. Otero, Ingenieros;Variants: artículo | Domains: EDUCATION AND COMMUNICATIONS | Context: conjunto de dígitos o caracteres adyacentes tratado como una unidad y que contiene una unidad de información | Ref: J.A. Alonso y J.M. Otero, Ingenieros
ajuste del texto;1 0 # Ajuste del texto ## Definición El ajuste del texto es la operación que consiste en modificar los caracteres de una cadena de texto, para que se .;"Consejo-ES ""Diseño de páginas Web"" <a href=""http://enlaces.ucv.cl/pags/area_acad/manual2/site/p0802.htm"" target=""_blank"">http://enlaces.ucv.cl/pags/area_acad/manual2/site/p0802.htm</a>";"Variants: ajuste del texto | Domains: EDUCATION AND COMMUNICATIONS | Context: Función de los tratamientos de textos que permiten colocar un texto junto a una imagen o a su alrededor de la manera que el operador desee. | Ref: Consejo-ES ""Diseño de páginas Web"" <a href=""http://enlaces.ucv.cl/pags/area_acad/manual2/site/p0802.htm"" target=""_blank"">http://enlaces.ucv.cl/pags/area_acad/manual2/site/p0802.htm</a>"
mínimos de energía espurios;``` mínimos de energía espurios ``` Ejemplo: ``` La tecnología de procesamiento de señales digitales es una herramienta muy útil para la detección de .;"COM-ES, basado en ""Aplicaciones de las redes de neuronas en supervisión, diagnosis y control de procesos"", CYTED-Conicit, M.J. de la Fuente, T. Calonge, <a href=""http://books.google.lu/books?id=jUHGRXd5xU8C&amp;hl=fr"" target=""_blank"">http://books.google.lu/books?id=jUHGRXd5xU8C&amp;hl=fr</a> [25.11.2012]";"Variants: mínimos de energía espurios | Domains: EDUCATION AND COMMUNICATIONS | Context: En una red de Hopfield, mínimos de la función de energía debidos a estados espurios, que no corresponden a las memorias fundamentales. | Ref: COM-ES, basado en ""Aplicaciones de las redes de neuronas en supervisión, diagnosis y control de procesos"", CYTED-Conicit, M.J. de la Fuente, T. Calonge, <a href=""http://books.google.lu/books?id=jUHGRXd5xU8C&amp;hl=fr"" target=""_blank"">http://books.google.lu/books?id=jUHGRXd5xU8C&amp;hl=fr</a> [25.11.2012]"
carga y ejecución;1 0 # carga y ejecución ## Definición Carga y ejecución es la operación que consiste en introducir los programas o aplicaciones en el sistema operativ.;J.A. Alonso y J.M. Otero, Ingenieros;Variants: carga y ejecución | Domains: EDUCATION AND COMMUNICATIONS | Context: técnica de explotación que permite convertir directamente un lenguaje específico en lenguaje máquina y asegurar su ejecución inmediata sin parar el ordenador | Ref: J.A. Alonso y J.M. Otero, Ingenieros
autenticación fuerte;## autenticación fuerte ### definición La autenticación fuerte es una forma de autenticación que requiere la presentación de dos factores de autentica.;"INFORMATOSCOPIA Y TECNOLOGÍA FORENSE <a href=""http://cita.es/apedanica/INFORMAT.HTM"" target=""_blank"">http://cita.es/apedanica/INFORMAT.HTM</a>";"Variants: autenticación fuerte | Domains: EDUCATION AND COMMUNICATIONS | Context: Proceso de autenticación utilizado en algunas aplicaciones que no se basa únicamente en la demostración de la identidad por una contraseña, sino que intercambia más información ofreciendo más seguridad. En general uno de los corresponsales genera un código que transmite y el otro corresponsal debe devolverlo procesado de un modo preestablecido. | Ref: INFORMATOSCOPIA Y TECNOLOGÍA FORENSE <a href=""http://cita.es/apedanica/INFORMAT.HTM"" target=""_blank"">http://cita.es/apedanica/INFORMAT.HTM</a>"
transformación lineal;## transformación lineal ### Definición La transformación lineal es una operación matemática que se aplica a vectores, matrices o funciones. La transf.;J.A. Alonso y J.M. Otero, Ingenieros;Variants: transformación lineal | Domains: EDUCATION AND COMMUNICATIONS | Context: función que comprende la suma de sus partes, cada una de las cuales es una constante multiplicada por una, y solo una, de las variables de primer orden | Ref: J.A. Alonso y J.M. Otero, Ingenieros
televisión de calidad convencional;## Definición de televisión de calidad convencional La televisión de calidad convencional es una tecnología que permite la transmisión de señales de v.;CCITT, Rec.I. 113;Variants: televisión de calidad convencional | Domains: EDUCATION AND COMMUNICATIONS | Context: televisión definida por las normas de televisión convencionales de 625 líneas y 525 líneas, como los sistemas NTSC, PAL y SECAM | Ref: CCITT, Rec.I. 113
carga;1. 2. 3. 4. 5. 6. 7. 8. 9. 10. 11. 12. 13. 14. 15. 16. 17. 18. 19. 20. # carga ## Definición La carga es la cantidad de datos que se envían a través d.;"Valentín López, Gema: <i>Informática básica: sistema operativo, Internet y correo electrónico</i>, Editorial CEP, 2014, <a href=""https://books.google.be/books?id=0OpCDwAAQBAJ&amp;lpg=PP1&amp;hl=es&amp;pg=PA4#v=onepage&amp;q&amp;f=false"" target=""_blank"">https://books.google.be/books?id=0OpCDwAAQBAJ&amp;lpg=PP1&amp;hl=es&amp;pg=PA4#v=onepage&amp;q&amp;f=false</a> [23.4.2018]";"Variants: carga | Domains: EDUCATION AND COMMUNICATIONS | Context: Transferencia de un archivo desde un equipo informático a un servidor. | Ref: Valentín López, Gema: <i>Informática básica: sistema operativo, Internet y correo electrónico</i>, Editorial CEP, 2014, <a href=""https://books.google.be/books?id=0OpCDwAAQBAJ&amp;lpg=PP1&amp;hl=es&amp;pg=PA4#v=onepage&amp;q&amp;f=false"" target=""_blank"">https://books.google.be/books?id=0OpCDwAAQBAJ&amp;lpg=PP1&amp;hl=es&amp;pg=PA4#v=onepage&amp;q&amp;f=false</a> [23.4.2018]"
onda reflejada en el suelo;## Onda reflejada en el suelo ### Definición La onda reflejada en el suelo es la que se produce cuando una onda electromagnética, como por ejemplo una.;DANTERM 15054;Variants: onda reflejada en el suelo | Domains: EDUCATION AND COMMUNICATIONS | Context: la parte de la onda de suelo que se refleja sobre la superficie terrestre | Ref: DANTERM 15054
intercambio de archivos entre pares;## intercambio de archivos entre pares ### definición El intercambio de archivos entre pares (P2P) es una forma de red de computadoras que permite a l.;"PE-ES, basado en:<br> Malmierca, M.: «Piratería editorial en Internet», <i>Revista CERLALC</i>, 2005 <a href=""http://www.cerlalc.org/Revista_Pirateria/pdf/n_art10.pdf"" target=""_blank"">http://www.cerlalc.org/Revista_Pirateria/pdf/n_art10.pdf</a> [30.7.2015]";"Variants: intercambio de archivos entre pares | Domains: EDUCATION AND COMMUNICATIONS | Context: Intercambio de archivos mediante programas informáticos que permiten a los usuarios poner a disposición del resto archivos almacenados en su ordenador, haciendo las veces de servidor, y acceder a su vez como clientes a los archivos de otros usuarios conectados en ese momento. | Ref: PE-ES, basado en:<br> Malmierca, M.: «Piratería editorial en Internet», <i>Revista CERLALC</i>, 2005 <a href=""http://www.cerlalc.org/Revista_Pirateria/pdf/n_art10.pdf"" target=""_blank"">http://www.cerlalc.org/Revista_Pirateria/pdf/n_art10.pdf</a> [30.7.2015]"
asíncrono;``` asíncrono ``` Ejemplo: ``` La comunicación asíncrona es una forma de intercambiar información entre dos o más dispositivos sin necesidad de que se.;UIT-T, Rec.G. 701,1993,6018;Variants: asíncrono | Domains: EDUCATION AND COMMUNICATIONS | Context: característica esencial de una escala de tiempo o de una señal en virtud de la cual sus instantes significativos correspondientes no se presentan necesariamente con la misma cadencia media | Ref: UIT-T, Rec.G. 701,1993,6018
ciclo de instrucción;1. 2. 3. 4. 5. 6. 7. 8. 9. 10. 11. 12. 13. 14. 15. 16. 17. 18. 19. 20. 21. 22. 23. 24. 25. 26. 27. 28. 29. 30. 31. 32. 33. 34.;J.A. Alonso y J.M. Otero, Ingenieros;Variants: ciclo de instrucción | Domains: EDUCATION AND COMMUNICATIONS | Context: etapas elementales necesarias para ejecutar una instrucción | Ref: J.A. Alonso y J.M. Otero, Ingenieros
servicio de blog;## servicio de blog ### Definición Un servicio de blog es una plataforma que permite a los usuarios crear, publicar y administrar contenido en línea e.;"PE-ES, basado en : <p> -Wikipedia, La enciclopedia libre <a href=""http://es.wikipedia.org/wiki/WordPress"" target=""_blank"">http://es.wikipedia.org/wiki/WordPress</a> [24.3.2015] </p><p>-Wikipedia, La enciclopedia libre <a href=""http://es.wikipedia.org/wiki/Blogger"" target=""_blank"">http://es.wikipedia.org/wiki/Blogger</a> [24.3.2015]</p>";"Variants: servicio de blog | Domains: EDUCATION AND COMMUNICATIONS | Context: Plataforma que permite crear y publicar blogs. | Ref: PE-ES, basado en : <p> -Wikipedia, La enciclopedia libre <a href=""http://es.wikipedia.org/wiki/WordPress"" target=""_blank"">http://es.wikipedia.org/wiki/WordPress</a> [24.3.2015] </p><p>-Wikipedia, La enciclopedia libre <a href=""http://es.wikipedia.org/wiki/Blogger"" target=""_blank"">http://es.wikipedia.org/wiki/Blogger</a> [24.3.2015]</p>"
indicación de error;``` indicación de error ``` Ejemplo: ``` La indicación de error es una señal que indica que se ha cometido un error en la entrada o procesamiento de d.;CCITT, Libro rojo, X. 224;Variants: indicación de error | Domains: EDUCATION AND COMMUNICATIONS | Context: una indicación REINICIACION-R, o una indicación DESCONEXION-R con un código de motivo indicativo de un error, enviada por el proveedor SR y recibida por una entidad de transporte | Ref: CCITT, Libro rojo, X. 224
elemento software;# elemento software ## Definición Un elemento software es una entidad que se puede identificar, nombrar y describir. Un elemento software es una parte.;Mundo científico, mayo 1985;Variants: elemento software | Domains: EDUCATION AND COMMUNICATIONS | Context: parte fundamental de un sistema o de un programa | Ref: Mundo científico, mayo 1985
representación distribuida;``` representación distribuida ``` Ejemplo: ``` La representación distribuida es una forma de procesar datos que permite a los usuarios acceder a la i.;TIBI-CENTAURUS;"Variants: representación distribuida | Domains: EDUCATION AND COMMUNICATIONS | Context: modelo en el cual el conocimiento de cualquier patrón individual no se almacena en las conexiones de una unidad especial reservada para ese patrón, sino que está distribuido en conexiones entre un gran número de unidades de proceso; 2) modelo en el cual cada entidad está representada por un patrón de actividad distribuido en muchos elementos computacionales y cada elemento computacional está implicado en representar muchas entidades diferentes | Ref: TIBI-CENTAURUS"
notación Iverson;1 0 Notación Iverson La notación Iverson es una notación matemática que permite expresar ciertas operaciones lógicas y aritméticas mediante la utiliza.;Termcat;Variants: notación Iverson | Domains: EDUCATION AND COMMUNICATIONS | Context: conjunto especial de símbolos destinados a describir la estructura formal de los lenguajes de ordenador | Ref: Termcat
balanceo;balanceo # balanceo ## Definición Balanceo es la distribución equitativa de los recursos disponibles entre las diferentes áreas de una organización, c.;Profs.A.Ribagorda Garnacho/J. Fernández González;Variants: balanceo | Domains: EDUCATION AND COMMUNICATIONS | Context: proceso de sumar módulo 2 un contador a una clave | Ref: Profs.A.Ribagorda Garnacho/J. Fernández González
partición a frecuencia elevada;``` partición a frecuencia elevada ``` Ejemplo: ``` La partición a frecuencia elevada es una técnica utilizada en procesamiento de datos que consiste .;A. Soto López, Ing. de Sistemas, Alcatel Standard Eléctrica, SA, Madrid, 1994;Variants: partición a frecuencia elevada | Domains: EDUCATION AND COMMUNICATIONS | Context: configuración de sistema de banda ancha caracterizada por amplificadores bidireccionales en los que las señales de frecuencias de 5 MHz a 174 MHz se retransmiten en el sentido de retorno y las señales de frecuencias de 234 MHz para arriba se retransmiten en sentido de ida | Ref: A. Soto López, Ing. de Sistemas, Alcatel Standard Eléctrica, SA, Madrid, 1994
modelo;``` modelo ``` Ejemplo: ``` Un modelo es una representación simplificada de la realidad que se utiliza para ayudar a comprender y predecir los comport.;Propuesta de norma UNE 71-012,1987;Variants: modelo | Domains: EDUCATION AND COMMUNICATIONS | Context: en un lenguaje de programación, descripción de una serie de caracteres en la que cada posición se le ha asociado un símbolo que representa las propiedades del carácter que puede ocupar esa posición | Ref: Propuesta de norma UNE 71-012,1987
conectividad digital;Conectividad Digital es la capacidad de acceder a Internet, así como a los servicios que ofrece, desde cualquier lugar y con cualquier dispositivo. Ej.;"Consejo-ES a partir de diversas fuentes. Véase, por ejemplo:<div>Duarte, F. y Pires, H. F.: <a href=""http://www.ub.edu/geocrit/aracne/aracne-150.htm"" target=""_blank"">«Inclusión digital, tres conceptos clave: conectividad, accesibilidad, comunicabilidad»<time datetime=""12.10.2021""> (12.10.2021)</time></a>, <i>Ar@cne<br>REVISTA ELECTRÓNICA DE RECURSOS EN INTERNET<br>SOBRE GEOGRAFÍA Y CIENCIAS SOCIALES, </i>n.º 150, 1.8.2011, Universidad de Barcelona.</div>";"Variants: conectividad digital | Domains: EDUCATION AND COMMUNICATIONS | Context: Capacidad de acceso a tecnologías digitales y de uso de las mismas para conectarse a internet y compartir datos. | Ref: Consejo-ES a partir de diversas fuentes. Véase, por ejemplo:<div>Duarte, F. y Pires, H. F.: <a href=""http://www.ub.edu/geocrit/aracne/aracne-150.htm"" target=""_blank"">«Inclusión digital, tres conceptos clave: conectividad, accesibilidad, comunicabilidad»<time datetime=""12.10.2021""> (12.10.2021)</time></a>, <i>Ar@cne<br>REVISTA ELECTRÓNICA DE RECURSOS EN INTERNET<br>SOBRE GEOGRAFÍA Y CIENCIAS SOCIALES, </i>n.º 150, 1.8.2011, Universidad de Barcelona.</div>"
separador de grupo;1 0 # separador de grupo ## Definición Un separador de grupo es un carácter que se utiliza para separar los elementos de una lista o secuencia de cara.;Consejo-ES;Variants: separador de grupo | Domains: EDUCATION AND COMMUNICATIONS | Context: Carácter de control ASCII número 29 que se usa para separar grupos de caracteres. | Ref: Consejo-ES
descriptor de datos;``` ``` ``` ``` ``` ``` ``` ``` ``` ``` ``` ``` ``` ``` ``` ``` ``` ``` ``` ``` ``` ``` ``` ``` ``` ``` ``` ``` ``` ``` ``` ```;Termcat;Variants: descriptor de datos | Domains: EDUCATION AND COMMUNICATIONS | Context: puntero que indica la posición en memoria de un elemento de datos | Ref: Termcat
soporte físico;1 0 # soporte físico ## procesamiento de datos ### Definición Un soporte físico es una forma de almacenar datos, como un disco duro o una tarjeta SD. .;"<i>Wikipedia</i>, <a href=""https://es.wikipedia.org/wiki/Hardware"" target=""_blank""><i>hardware</i> <time datetime=""13.3.2023""> (13.3.2023)</time></a>.";"Variants: soporte físico | Domains: EDUCATION AND COMMUNICATIONS | Context: Partes físicas, tangibles, de un sistema informático, sus componentes eléctricos, electrónicos, electromecánicos y mecánicos. | Ref: <i>Wikipedia</i>, <a href=""https://es.wikipedia.org/wiki/Hardware"" target=""_blank""><i>hardware</i> <time datetime=""13.3.2023""> (13.3.2023)</time></a>."
tiempo de adición;1 0 # tiempo de adición ## procesamiento de datos ### Definición Tiempo de adición es la cantidad de tiempo que se requiere para añadir nuevos datos a.;Termcat;Variants: tiempo de adición | Domains: EDUCATION AND COMMUNICATIONS | Context: tiempo requerido en un ordenador digital para realizar una suma, sin incluir el tiempo necesario para obtener las cantidades desde la memoria, ni el de devolver el resultado a la memoria | Ref: Termcat
elemento de equipo lógico;``` elemento de equipo lógico ``` Ejemplo: ``` Un elemento de equipo lógico es una parte del procesador que se encarga de realizar operaciones aritmét.;Mundo científico, mayo 1985;Variants: elemento de equipo lógico | Domains: EDUCATION AND COMMUNICATIONS | Context: parte fundamental de un sistema o de un programa | Ref: Mundo científico, mayo 1985
proveedor de contenidos de internet;## proveedor de contenidos de internet ### definición Un proveedor de contenidos de Internet es una empresa que proporciona contenido a través de Inte.;"Consejo-ES a partir de diversas fuentes. Véase, por ejemplo:<p>- Consumoteca&gt;Telecomunicaciones&gt;Internet <a href=""https://www.consumoteca.com/telecomunicaciones/internet/proveedor-de-contenido/"" target=""_blank"">https://www.consumoteca.com/telecomunicaciones/internet/proveedor-de-contenido/</a> [13.11.2017]</p><p>- Cordero, J.A.: La mediación de la información en Internet: evolución, tendencias y riesgos, Revista DÍGITOS n.º 1/2015 <a href=""https://revistadigitos.com/index.php/digitos/article/view/1"" target=""_blank"">https://revistadigitos.com/index.php/digitos/article/view/1</a> [13.11.2017]</p>";"Variants: proveedor de contenidos de internet | Domains: EDUCATION AND COMMUNICATIONS | Context: Toda persona, empresa o profesional que publica con regularidad información de cualquier tipo en internet, ya sea utilizando recursos propios o sirviéndose de los suministrados por un proveedor de acceso. | Ref: Consejo-ES a partir de diversas fuentes. Véase, por ejemplo:<p>- Consumoteca&gt;Telecomunicaciones&gt;Internet <a href=""https://www.consumoteca.com/telecomunicaciones/internet/proveedor-de-contenido/"" target=""_blank"">https://www.consumoteca.com/telecomunicaciones/internet/proveedor-de-contenido/</a> [13.11.2017]</p><p>- Cordero, J.A.: La mediación de la información en Internet: evolución, tendencias y riesgos, Revista DÍGITOS n.º 1/2015 <a href=""https://revistadigitos.com/index.php/digitos/article/view/1"" target=""_blank"">https://revistadigitos.com/index.php/digitos/article/view/1</a> [13.11.2017]</p>"
ecuaciones independientes;1 0 # Ecuaciones independientes Ecuaciones independientes son aquellas ecuaciones que no están relacionadas entre sí, es decir, cada una de ellas tien.;J.A. Alonso y J.M. Otero, Ingenieros;Variants: ecuaciones independientes | Domains: EDUCATION AND COMMUNICATIONS | Context: conjunto de ecuaciones ninguna de las cuales puede ser expresada como una combinación lineal de las otras | Ref: J.A. Alonso y J.M. Otero, Ingenieros
registrador;``` registrador ``` Ejemplo: ``` El registrador es una memoria que se utiliza para almacenar los datos temporales durante la ejecución del programa. `.;"COM-ES, basado en: <br>Reglamento (CE) n.° 733/2002 del Parlamento Europeo y del Consejo, de 22 de abril de 2002, relativo a la aplicación del dominio de primer nivel «.eu», <a href=""http://eur-lex.europa.eu/legal-content/ES/TXT/?uri=CELEX:32002R0733"" target=""_blank"">CELEX:32002R0733/ES</a>";"Variants: registrador | Domains: EDUCATION AND COMMUNICATIONS | Context: Persona o entidad que proporciona a los interesados servicios de registro de nombres de dominio «.eu». | Ref: COM-ES, basado en: <br>Reglamento (CE) n.° 733/2002 del Parlamento Europeo y del Consejo, de 22 de abril de 2002, relativo a la aplicación del dominio de primer nivel «.eu», <a href=""http://eur-lex.europa.eu/legal-content/ES/TXT/?uri=CELEX:32002R0733"" target=""_blank"">CELEX:32002R0733/ES</a>"
método de dispersión;## Método de dispersión ### Definición Método de dispersión ### Explicación Un método de dispersión es una técnica utilizada en la investigación cient.;"Blog de Martín Cruz, «Blogueando sobre programación», <a href=""http://blog.martincruz.me/2013/03/metodo-de-dispersion-hashing-en-c.html"" target=""_blank"">http://blog.martincruz.me/2013/03/metodo-de-dispersion-hashing-en-c.html</a> [17.11.2017]";"Variants: método de dispersión | Domains: EDUCATION AND COMMUNICATIONS | Context: Método que permite encontrar, con el mínimo esfuerzo, una clave dada dentro de un conjunto de elementos, aplicando cálculos o transformaciones aritméticas sobre la clave buscada para producir directamente una dirección en una tabla o archivo de acceso directo. | Ref: Blog de Martín Cruz, «Blogueando sobre programación», <a href=""http://blog.martincruz.me/2013/03/metodo-de-dispersion-hashing-en-c.html"" target=""_blank"">http://blog.martincruz.me/2013/03/metodo-de-dispersion-hashing-en-c.html</a> [17.11.2017]"
palabra de datos;## palabra de datos ### Definición La palabra de datos es una secuencia de caracteres que representan un valor numérico o textual. En la mayoría de lo.;J.A. Alonso y J.M. Otero, Ingenieros;Variants: palabra de datos | Domains: EDUCATION AND COMMUNICATIONS | Context: unidad de datos almacenada en una palabra simple | Ref: J.A. Alonso y J.M. Otero, Ingenieros
función (N);``` La función es una operación que toma como entrada uno o más valores y devuelve un valor único. ``` Ejemplo: ``` La función suma toma dos números e.;CCITT, Libro rojo, X. 200;Variants: función (N) | Domains: EDUCATION AND COMMUNICATIONS | Context: parte de la actividad de las entidades (N) | Ref: CCITT, Libro rojo, X. 200
actividad;1 actividad n. 1. movimiento, acción o trabajo realizado por una persona o cosa. 2. actividad económica, comercial o industrial. 3. actividad física, .; J.A. Alonso y J.M. Otero, Ingenieros.;Variants: actividad | Domains: EDUCATION AND COMMUNICATIONS | Context: empleo o modificación de la información contenida en un archivo | Ref: J.A. Alonso y J.M. Otero, Ingenieros.
registro de estado;``` registro de estado ``` Ejemplo: ``` El registro de estado es una base de datos que contiene información sobre los estados de las entidades jurídic.;Termcat;Variants: registro de estado | Domains: EDUCATION AND COMMUNICATIONS | Context: registro utilizado en un ordenador para guardar la información sobre el estado de una unidad funcional como, por ejemplo, un microprocesador, un controlador de disco flexible o un controlador de acceso directo a memoria | Ref: Termcat
registro de datos;## registro de datos ### definición Un registro de datos es una colección de datos que se organizan de manera sistemática y estructurada, con la final.;Consejo-ES, a partir de Council-EN.;Variants: registro de datos | Domains: EDUCATION AND COMMUNICATIONS | Context: Huella electrónica que deja una persona, empresa, etc. al realizar actividades u operaciones en línea. | Ref: Consejo-ES, a partir de Council-EN.
supercomputación;Supercomputación es la computación más rápida que se puede realizar con una máquina de computación. La definición exacta de qué constituye una superco.;"COM-ES, basado en «10 respuestas a la supercomputación», El Cultural, <a href=""https://www.elcultural.com/revista/ciencia/10-respuestas-a-la-supercomputacion/9153"" target=""_blank"">https://www.elcultural.com/revista/ciencia/10-respuestas-a-la-supercomputacion/9153</a> [6.7.2018]";"Variants: supercomputación | Domains: EDUCATION AND COMMUNICATIONS | Context: Realización de cálculos numéricos a gran escala, tanto en volumen de datos como en velocidad de procesado, mediante ordenadores de gran potencia denominados «superordenadores». | Ref: COM-ES, basado en «10 respuestas a la supercomputación», El Cultural, <a href=""https://www.elcultural.com/revista/ciencia/10-respuestas-a-la-supercomputacion/9153"" target=""_blank"">https://www.elcultural.com/revista/ciencia/10-respuestas-a-la-supercomputacion/9153</a> [6.7.2018]"
réplica;1 0 # réplica ## Definición En procesamiento de datos, una réplica es una copia exacta de los datos que se encuentran en otro lugar. Las réplicas pued.;COM-ES a partir de la Recomendación de la Fundéu de 13 de agosto de 2018, https://www.fundeu.es/recomendacion/duplicar-o-enviar-alternativas-a-screen-mirroring/ [16.08.2018];Variants: réplica | Domains: EDUCATION AND COMMUNICATIONS | Context: Función que permite transferir contenidos desde un dispositivo electrónico a otro, generalmente desde un dispositivo móvil a un ordenador o un televisor | Ref: COM-ES a partir de la Recomendación de la Fundéu de 13 de agosto de 2018, https://www.fundeu.es/recomendacion/duplicar-o-enviar-alternativas-a-screen-mirroring/ [16.08.2018]
objetivo de evaluación;``` objetivo de evaluación ``` Ejemplo: ``` La evaluación del objetivo de evaluación es una herramienta útil para medir la eficacia de los programas d.;Profs A. Ribagorda Garnacho/J. Fernández González;Variants: objetivo de evaluación | Domains: EDUCATION AND COMMUNICATIONS | Context: sistema o producto de T.I. que se somete a una evaluación de seguridad | Ref: Profs A. Ribagorda Garnacho/J. Fernández González
tasa de falso rechazo;Tasa de falso rechazo es una medida del rendimiento de un sistema de reconocimiento automático de patrones (ARP) que mide la probabilidad de que el AR.;"Enciclopedia Libre Universal en Español <a href=""http://enciclopedia.us.es/index.php/Error_tipo_I_y_tipo_II"" target=""_blank"">http://enciclopedia.us.es/index.php/Error_tipo_I_y_tipo_II</a> <br>A. K. Jain et al., Biometrics: A grand Challenge, Proceedings of International Conference on Pattern Recognition, Cambridge, UK., agosto de 2004, apartado 2.1 (en inglés) <a href=""http://biometrics.cse.msu.edu/biometricsgrandchallenge.pdf"" target=""_blank"">http://biometrics.cse.msu.edu/biometricsgrandchallenge.pdf</a>";"Variants: tasa de falso rechazo | Domains: EDUCATION AND COMMUNICATIONS | Context: En un estudio de investigación, el error tipo I es el error que se comete cuando el investigador rechaza la hipótesis nula (en el caso de la biometría, la correspondencia de la persona considerada con su perfil registrado) siendo ésta verdadera. | Ref: Enciclopedia Libre Universal en Español <a href=""http://enciclopedia.us.es/index.php/Error_tipo_I_y_tipo_II"" target=""_blank"">http://enciclopedia.us.es/index.php/Error_tipo_I_y_tipo_II</a> <br>A. K. Jain et al., Biometrics: A grand Challenge, Proceedings of International Conference on Pattern Recognition, Cambridge, UK., agosto de 2004, apartado 2.1 (en inglés) <a href=""http://biometrics.cse.msu.edu/biometricsgrandchallenge.pdf"" target=""_blank"">http://biometrics.cse.msu.edu/biometricsgrandchallenge.pdf</a>"
disponibilidad del equipo lógico;``` La disponibilidad del equipo lógico se refiere a la capacidad de un sistema informático o una red de computadoras para proporcionar acceso a los r.;TIBI-CENTAURUS;Variants: disponibilidad del equipo lógico | Domains: EDUCATION AND COMMUNICATIONS | Context: probabilidad de que el programa funcione con éxito, según las especificaciones, en un punto dado en el tiempo | Ref: TIBI-CENTAURUS
refinamiento paso a paso;## refinamiento paso a paso ### procesamiento de datos #### definición - #### ejemplos - #### notas - #### referencias - #### definición - #### ejempl.;TIBI-CENTAURUS;Variants: refinamiento paso a paso | Domains: EDUCATION AND COMMUNICATIONS | Context: metodología de desarrollo de un sistema según la cual la definición de los datos y las etapas del proceso están determinadas primero de modo amplio y luego con niveles crecientes de detalle | Ref: TIBI-CENTAURUS
infraestructura de clave pública;``` La infraestructura de clave pública es un conjunto de servicios que permiten a los usuarios crear, administrar y compartir claves públicas y priva.;"<a href=""https://eur-lex.europa.eu/legal-content/ES/TXT/?uri=CELEX:32013D0001(01)"" target=""_blank"">2013/132/UE: Decisión del Banco Central Europeo, de 11 de enero de 2013 , por la que se establece el marco de una infraestructura de clave pública para el Sistema Europeo de Bancos Centrales (BCE/2013/1) (DO L 74 de 16.3.2013, p. 30)<br></a>";"Variants: infraestructura de clave pública | Domains: EDUCATION AND COMMUNICATIONS | Context: Conjunto de personas, políticas, procedimientos y sistemas informáticos necesarios para la prestación de servicios de autenticación, encriptado, integridad y no repudio por medio de criptografía de claves públicas y privadas y certificados electrónicos. | Ref: <a href=""https://eur-lex.europa.eu/legal-content/ES/TXT/?uri=CELEX:32013D0001(01)"" target=""_blank"">2013/132/UE: Decisión del Banco Central Europeo, de 11 de enero de 2013 , por la que se establece el marco de una infraestructura de clave pública para el Sistema Europeo de Bancos Centrales (BCE/2013/1) (DO L 74 de 16.3.2013, p. 30)<br></a>"
aumento de la memoria;``` aumento de la memoria ``` Ejemplo: ``` La tecnología de aumento de la memoria es una forma de mejorar la capacidad de almacenamiento de los dispos.;J.A. Alonso y J.M. Otero, Ingenieros;Variants: aumento de la memoria | Domains: EDUCATION AND COMMUNICATIONS | Context: memoria de ordenador que se añade externamente y que es totalmente compatible con el sistema informático | Ref: J.A. Alonso y J.M. Otero, Ingenieros
autómata;Un autómata es una máquina que realiza cálculos o procesos mecánicos, siguiendo instrucciones preestablecidas. Ejemplo: En la industria, los autómatas.;J.A. Alonso y J.M. Otero, Ingenieros;"Variants: autómata | Domains: EDUCATION AND COMMUNICATIONS | Context: 1) robot cuyo funcionamiento se desarrolla sin necesidad de intervenciones humanas paso a paso; 2) máquina que imita la figura y los movimientos de un ser animado | Ref: J.A. Alonso y J.M. Otero, Ingenieros"
biblioteca de desarrollo de software;## Biblioteca de desarrollo de software Una biblioteca de desarrollo de software es una colección de archivos que contienen código fuente, documentaci.;TIBI-CENTAURUS;Variants: biblioteca de desarrollo de software | Domains: EDUCATION AND COMMUNICATIONS | Context: biblioteca de equipo lógico que contiene informaciones legibles por el hombre y por ordenador sobre actividades de desarrollo del equipo lógico | Ref: TIBI-CENTAURUS
canal de comunicación de banda ancha;## canal de comunicación de banda ancha ### Definición Un canal de comunicación de banda ancha es una conexión de red que permite la transmisión de da.;CCITT, Rec.I. 113;Variants: canal de comunicación de banda ancha | Domains: EDUCATION AND COMMUNICATIONS | Context: parte normalizada de la capacidad de carga neta de información de que dispone el usuario para los servicios RDSI | Ref: CCITT, Rec.I. 113
sistema de programación para el manejo de datos;## Answer 1, authority 100% Sistema de programación para el manejo de datos (SPMD) es una arquitectura de computación distribuida que permite a los pr.;Termcat;Variants: sistema de programación para el manejo de datos | Domains: EDUCATION AND COMMUNICATIONS | Context: sistema de programas que ofrece a un operador de terminal la posibilidad de consultar y de poner al día los bancos de datos en un lenguaje conversacional | Ref: Termcat
aseguramiento de la ciberseguridad;## Aseguramiento de la ciberseguridad ### Definición La seguridad cibernética es una disciplina que se ocupa del análisis, diseño, implementación y ge.;"COM-ES a partir de: Xavier Rubiralta Costa, «Transformando la Ciberseguridad»,<a href=""http://www.itsmf.es/index.php?option=com_docman&amp;task=cat_view&amp;gid=338&amp;Itemid=177"" target=""_blank""> COBIT 5<time datetime=""14.11.2019""> (14.11.2019)</time></a>";"Variants: aseguramiento de la ciberseguridad | Domains: EDUCATION AND COMMUNICATIONS | Context: Proceso de auditoría y revisión de las medidas de ciberseguridad [ <a href=""/entry/result/2229866/all"" id=""ENTRY_TO_ENTRY_CONVERTER"" target=""_blank"">IATE:2229866</a> ] adoptadas en un determinado entorno para garantizar su fiabilidad y correcto funcionamiento. | Ref: COM-ES a partir de: Xavier Rubiralta Costa, «Transformando la Ciberseguridad»,<a href=""http://www.itsmf.es/index.php?option=com_docman&amp;task=cat_view&amp;gid=338&amp;Itemid=177"" target=""_blank""> COBIT 5<time datetime=""14.11.2019""> (14.11.2019)</time></a>"
árbol de decisión potenciado;``` ``` ``` ``` ``` ``` ``` ``` ``` ``` ``` ``` ``` ``` ``` ``` ``` ``` ``` ``` ``` ``` ``` ``` ``` ``` ``` ``` ``` ``` ``` ```;"Consejo-ES, a partir de diversas fuentes, en particular:<div>- Jordan, J.: <a href=""https://www.jeremyjordan.me/boosted-trees/"" target=""_blank""><i>Boosted trees</i><time datetime=""2.7.2021""> (2.7.2021)</time></a> (publicado el 19.6.2017)<br></div><div>- Martínez Heras, J.: <a href=""https://www.iartificial.net/ensembles-voting-bagging-boosting-stacking/#Bagging"" target=""_blank""><i>Ensembles: voting, bagging, boosting, stacking</i><time datetime=""2.7.2021""> (2.7.2021)</time></a> (publicado el 31.5.2019).</div>";"Variants: árbol de decisión potenciado | Domains: EDUCATION AND COMMUNICATIONS | Context: Técnica de aprendizaje automático en la que los modelos (los árboles de decisión) se entrenan de manera iterativa, en orden secuencial, de modo que cada modelo aprende del anterior. | Ref: Consejo-ES, a partir de diversas fuentes, en particular:<div>- Jordan, J.: <a href=""https://www.jeremyjordan.me/boosted-trees/"" target=""_blank""><i>Boosted trees</i><time datetime=""2.7.2021""> (2.7.2021)</time></a> (publicado el 19.6.2017)<br></div><div>- Martínez Heras, J.: <a href=""https://www.iartificial.net/ensembles-voting-bagging-boosting-stacking/#Bagging"" target=""_blank""><i>Ensembles: voting, bagging, boosting, stacking</i><time datetime=""2.7.2021""> (2.7.2021)</time></a> (publicado el 31.5.2019).</div>"
suceso de activación;1. 2. 3. 4. 5. 6. 7. 8. 9. 10. 11. 12. 13. 14. 15. 16. 17. 18. 19. 20. 21. 22. 23. 24. 25. 26. 27. 28. 29. 30. 31. 32. 33. 34.;"Reglamento (UE) n° 617/2013 de la Comisión, de 26 de junio de 2013, por el que se desarrolla la Directiva 2009/125/CE del Parlamento Europeo y del Consejo en lo relativo a los requisitos de diseño ecológico aplicables a los ordenadores y servidores informáticos, <a href=""http://eur-lex.europa.eu/legal-content/ES/TXT/?uri=CELEX:32013R0617"" target=""_blank"">CELEX:32013R0617/ES</a>";"Variants: suceso de activación | Domains: EDUCATION AND COMMUNICATIONS | Context: Evento o estímulo de usuario, programado o externo que hace que el ordenador pase del modo de espera o desactivado a un modo activo de funcionamiento. | Ref: Reglamento (UE) n° 617/2013 de la Comisión, de 26 de junio de 2013, por el que se desarrolla la Directiva 2009/125/CE del Parlamento Europeo y del Consejo en lo relativo a los requisitos de diseño ecológico aplicables a los ordenadores y servidores informáticos, <a href=""http://eur-lex.europa.eu/legal-content/ES/TXT/?uri=CELEX:32013R0617"" target=""_blank"">CELEX:32013R0617/ES</a>"
saboteador;``` saboteador ``` Ejemplo: ``` Un saboteador es una persona que se dedica a destruir o dañar los sistemas informáticos de una organización con el fin.;"Rafael Fernández Calvo, Glosario básico inglés-español para usuarios de Internet , <a href=""http://www.ati.es/novatica/glosario/glosario_internet.html#cracker"" target=""_blank"">http://www.ati.es/novatica/glosario/glosario_internet.html#cracker</a>";"Variants: saboteador | Domains: EDUCATION AND COMMUNICATIONS | Context: Intruso que accede a un sistema informático con fines delictivos. | Ref: Rafael Fernández Calvo, Glosario básico inglés-español para usuarios de Internet , <a href=""http://www.ati.es/novatica/glosario/glosario_internet.html#cracker"" target=""_blank"">http://www.ati.es/novatica/glosario/glosario_internet.html#cracker</a>"
entrada limitada;``` Entrada limitada es una forma de procesamiento de datos que limita la cantidad de datos que se pueden ingresar a un sistema. Esto puede ser necesa.;Termcat;Variants: entrada limitada | Domains: EDUCATION AND COMMUNICATIONS | Context: relativo a un sistema u operación cuya velocidad o eficiencia depende principalmente de la velocidad de entrada de datos a la máquina más que de la velocidad de la máquina propiamente dicha | Ref: Termcat
programa de conversión;``` programa de conversión ``` Ejemplo: ``` El programa de conversión es una herramienta que permite convertir archivos de un formato a otro, como por.;J.A. Alonso y J.M. Otero, Ingenieros;Variants: programa de conversión | Domains: EDUCATION AND COMMUNICATIONS | Context: serie de instrucciones que preparan un programa escrito para su ejecución en un sistema dado, con objeto de poderlo ejecutar en un sistema distinto | Ref: J.A. Alonso y J.M. Otero, Ingenieros
estructura lógica;``` Estructura lógica ``` ## Answer 1, by user203579 The logical structure of a program is the way in which it is organized into modules and subroutin.;Termcat;Variants: estructura lógica | Domains: EDUCATION AND COMMUNICATIONS | Context: estructura de los datos que corresponden a la división conceptual de los archivos, en una base de datos | Ref: Termcat
acotado por la entrada/salida;``` acotado por la entrada/salida ``` Ejemplo: ``` La entrada/salida es acotada por la entrada/salida. ``` ## Answer 1, author: jmh42 Posted on 2023-0.;Termcat;Variants: acotado por la entrada/salida | Domains: EDUCATION AND COMMUNICATIONS | Context: dícese de un sistema o condición en el que el tiempo para los procesos de entrada y salida es mayor que el tiempo de otras operaciones | Ref: Termcat
etiqueta;``` Etiqueta ``` ## Definición Una etiqueta es una palabra o frase que se utiliza para identificar, clasificar o categorizar contenido digital. Las et.;"PE-ES basado en:Wikipedia, la enciclopedia libre &gt; Etiqueta (metadato) <a href=""http://es.wikipedia.org/wiki/Etiqueta_(metadato)"" target=""_blank"">http://es.wikipedia.org/wiki/Etiqueta_(metadato)</a> [30.7.2015]";"Variants: etiqueta | Domains: EDUCATION AND COMMUNICATIONS | Context: Palabra clave o término asignado a cierta información almacenada en un repositorio (como una imagen, un vídeo u otro tipo de archivo informático) que la describe y facilita su recuperación. | Ref: PE-ES basado en:Wikipedia, la enciclopedia libre &gt; Etiqueta (metadato) <a href=""http://es.wikipedia.org/wiki/Etiqueta_(metadato)"" target=""_blank"">http://es.wikipedia.org/wiki/Etiqueta_(metadato)</a> [30.7.2015]"
comprobación de los programas;## comprobación de los programas ### procesamiento de datos #### definición La comprobación de los programas es una actividad que se realiza con el fi.;Mundo científico, Mayo 85,505;"Variants: comprobación de los programas | Domains: EDUCATION AND COMMUNICATIONS | Context: proceso consistente en determinar si los productos de una fase dada de un ciclo de desarrollo cumplen o no los requisitos establecidos durante la fase precedente; 2) comprobación oficial de la corrección de un programa | Ref: Mundo científico, Mayo 85,505"
distribuidor;``` distribuidor ``` Ejemplo: ``` Un distribuidor es una persona que vende productos a los consumidores finales. ``` ## Answer 1 Un distribuidor es un.;Termcat;Variants: distribuidor | Domains: EDUCATION AND COMMUNICATIONS | Context: conjunto de circuitos electrónicos que actúan como enlace intermedio entre el acumulador y la memoria de tambor | Ref: Termcat
restricción;1 0 # restricción ## Definición Restricción es una palabra que se utiliza en el contexto del procesamiento de datos para referirse a la limitación o c.; puede ser física o matemática, necesaria o incidental;Variants: restricción | Domains: EDUCATION AND COMMUNICATIONS | Context: condición impuesta a un sistema que le limita su libertad | Ref: puede ser física o matemática, necesaria o incidental
tipo de tabla;tipo de tabla Un tipo de tabla es una estructura de datos que se utiliza para organizar y almacenar información en forma de filas y columnas. Las tabl.;,TIBI-CENTAURUS;Variants: tipo de tabla | Domains: EDUCATION AND COMMUNICATIONS | Context: tipo compuesto que está constituido por componentes que son todos del mismo subtipo, y por lo tanto del mismo tipo. Cada componente viene únicamente caracterizado por un índice (para una matriz unidimensional) o por una secuencia de índices (para una matriz multidimensional). Cada índice debe ser un valor de un tipo discreto y debe pertenecer a la gama de índices correcta | Ref: ,TIBI-CENTAURUS
flujo de clics;## flujo de clicks ### Noun (plural of click flow) 1. (computing, marketing) The number of times a user clicks on an advertisement or link. Synonyms: .;Consejo-ES;Variants: flujo de clics | Domains: EDUCATION AND COMMUNICATIONS | Context: Registro completo de la ruta que sigue un usuario mientras navega por internet, tanto de un sitio web a otro, como dentro de un mismo sitio web, así como de las acciones que lleva a cabo, con fines de marketing y publicidad o diseño web. | Ref: Consejo-ES
computación segura;Computación segura es la práctica de proteger los datos y las comunicaciones de una computadora o red de computadoras contra ataques maliciosos, como .;"Basada en: «Computación confiable», <i>Wikipedia</i>, <a href=""https://es.wikipedia.org/wiki/Computaci%C3%B3n_confiable,"" target=""_blank"">https://es.wikipedia.org/wiki/Computaci%C3%B3n_confiable,</a> [15.2.2021].";"Variants: computación segura | Domains: EDUCATION AND COMMUNICATIONS | Context: Conjunto de tecnologías propuestas por el Trusted Computing Group (TCG) que deben cumplir el hardware de los sistemas con el objetivo de proteger computadoras de programas de ataques que no pueden ser protegidos por soluciones puramente software. | Ref: Basada en: «Computación confiable», <i>Wikipedia</i>, <a href=""https://es.wikipedia.org/wiki/Computaci%C3%B3n_confiable,"" target=""_blank"">https://es.wikipedia.org/wiki/Computaci%C3%B3n_confiable,</a> [15.2.2021]."
desactivar;1 0 # desactivar ## procesamiento de datos ### definición Desactivar es la acción de inhabilitar o impedir que una persona, cosa o sistema pueda reali.; 2) interrumpir la corriente o quitar el potencial eléctrico de un circuito, abriendo un interruptor;Variants: desactivar | Domains: EDUCATION AND COMMUNICATIONS | Context: 1) desconectar un dispositivo | Ref: 2) interrumpir la corriente o quitar el potencial eléctrico de un circuito, abriendo un interruptor
compilación dinámica;``` Compilación dinámica es una forma de compilar código fuente a código objeto, donde la compilación se realiza en tiempo de ejecución en lugar de ti.;Termcat;Variants: compilación dinámica | Domains: EDUCATION AND COMMUNICATIONS | Context: técnica de tratamiento en el que no hay fases separadas para la compilación, la carga y la ejecución de un programa | Ref: Termcat
NSR;## NSR ### Definición #### NSR The National Security Regulations (NSR) are a set of regulations that govern the conduct of individuals and organizatio.;"Aplicación en Interpol de la norma ANSI/NIST-ITL 1-2000, p. 24 <a href=""http://www.interpol.int/Public/Forensic/fingerprints/RefDoc/implementation5es.pdf"" target=""_blank"">http://www.interpol.int/Public/Forensic/fingerprints/RefDoc/implementation5es.pdf</a>";"Variants: NSR | Domains: EDUCATION AND COMMUNICATIONS | Context: Resolución normal del escaneado del sistema del remitente de la transacción, lo cual permite al destinatario de una solicitud de búsqueda enviar la respuesta ya sea con la mínima definición de escaneado (valor por defecto) de 19,68 píxel/mm (500 píxel por pulgada) o, si tiene la capacidad para ello, con la resolución del sistema que ha enviado la solicitud. | Ref: Aplicación en Interpol de la norma ANSI/NIST-ITL 1-2000, p. 24 <a href=""http://www.interpol.int/Public/Forensic/fingerprints/RefDoc/implementation5es.pdf"" target=""_blank"">http://www.interpol.int/Public/Forensic/fingerprints/RefDoc/implementation5es.pdf</a>"
ordenador de grano grueso;``` Un ordenador de grano grueso es una máquina que procesa grandes cantidades de datos a gran velocidad, utilizando tecnologías avanzadas como la com.;Investigación y Ciencia, 8.87-79;Variants: ordenador de grano grueso | Domains: EDUCATION AND COMMUNICATIONS | Context: ordenador en paralelo que enlaza un número relativamente pequeño de procesadores, dotados cada uno de gran potencia de cálculo | Ref: Investigación y Ciencia, 8.87-79
revestimiento adaptado;``` revestimiento adaptado ``` Ejemplo: ``` El revestimiento adaptado es una capa de material que se aplica sobre otro material para protegerlo o mejo.;A. Soto López, Ing. de Sistemas, Alcatel Standard Eléctrica, SA, Madrid, 1994;Variants: revestimiento adaptado | Domains: EDUCATION AND COMMUNICATIONS | Context: envoltura compuesta de un solo revestimiento homogéneo | Ref: A. Soto López, Ing. de Sistemas, Alcatel Standard Eléctrica, SA, Madrid, 1994
especificación de paquete;Especificación de paquete Especificación de paquete es una especificación que describe los requisitos de un paquete de software, incluyendo su interfa.;TIBI-CENTAURUS;Variants: especificación de paquete | Domains: EDUCATION AND COMMUNICATIONS | Context: parte de un paquete que tiene una parte visible que contiene las declaraciones de todas las entidades que pueden utilizarse explícitamente fuera del paquete, y que puede también tener una parte privada que contenga los detalles estructurales que completan la especificación de las entidades visibles pero que son irrelevantes para el usuario del paquete | Ref: TIBI-CENTAURUS
estándar americano de codificación para el intercambio de información;## estandar americano de codificacion para el intercambio de informacion ### definicion The American Standard Code for Information Interchange (ASCII).;Wikipedia | ---;"Variants: estándar americano de codificación para el intercambio de información | Domains: EDUCATION AND COMMUNICATIONS | Context: Código Estándar Estadounidense para el Intercambio de Información, pronunciado generalmente [áski]  <sup><a href=""https://es.wikipedia.org/wiki/ASCII#cite_note-Mackenzie_1980-1"" target=""_blank"">1</a></sup>​  <sup>:6</sup> o (rara vez) [ásθi], es un <a href=""https://es.wikipedia.org/wiki/Codificaci%C3%B3n_de_caracteres"" target=""_blank"">código de caracteres</a> basado en el <a href=""https://es.wikipedia.org/wiki/Alfabeto_latino"" target=""_blank"">alfabeto latino</a>, tal como se usa en inglés moderno. Fue creado en <a href=""https://es.wikipedia.org/wiki/1963"" target=""_blank"">1963</a> por el Comité Estadounidense de Estándares (ASA, conocido desde 1969 como el Instituto Estadounidense de estandares nacionales | Ref: Wikipedia | ---"
archivo invertido;1 0 # archivo invertido Un archivo invertido es una estructura de datos que permite buscar rápidamente los elementos que cumplen con cierta condición.;J.A. Alonso y J.M. Otero, Ingenieros;Variants: archivo invertido | Domains: EDUCATION AND COMMUNICATIONS | Context: en consulta de información, método de organización de un archivo con referencias cruzadas, en el cual una palabra clave identifica un registro | Ref: J.A. Alonso y J.M. Otero, Ingenieros
distintivo de télex;1. 2. 3. 4. 5. 6. 7. 8. 9. 10. 11. 12. 13. 14. 15. 16. 17. 18. 19. 20. # distintivo de telex ## Definición Un distintivo de telex es una serie de cara.;Antonio Soto López, Alcatel, Madrid;Variants: distintivo de télex | Domains: EDUCATION AND COMMUNICATIONS | Context: tipo de atributo que especifica el identificador de terminal télex para un terminal télex asociado con un objeto | Ref: Antonio Soto López, Alcatel, Madrid
alumbrado público inteligente;## alumbrado público inteligente ### Definición Alumbrado público inteligente es la tecnología que permite controlar los sistemas de iluminación públi.;"Rodríguez Patarroyo, D.J., Cely Garzón, I. F. y Letrado Forero, C. A.: «<a href=""https://repository.udistrital.edu.co/bitstream/handle/11349/16330/CelyGarzonIvanFelipe2019.pdf;jsessionid=57C1E88D8DCF01A0FDCA8A6CC1243750?sequence=1"" target=""_blank"">Revisión del alumbrado público inteligente LED<time datetime=""12.7.2021""> (12.7.2021)</time></a>», p. 4";"Variants: alumbrado público inteligente | Domains: EDUCATION AND COMMUNICATIONS | Context: Sistemas pensados para reducir los costos de la iluminación pública que hacen una mejor gestión de la iluminación usando sensores y dispositivos que controlan las luminarias, haciendo que estas disminuyan la intensidad o se apaguen dependiendo del paso de personas o vehículos. | Ref: Rodríguez Patarroyo, D.J., Cely Garzón, I. F. y Letrado Forero, C. A.: «<a href=""https://repository.udistrital.edu.co/bitstream/handle/11349/16330/CelyGarzonIvanFelipe2019.pdf;jsessionid=57C1E88D8DCF01A0FDCA8A6CC1243750?sequence=1"" target=""_blank"">Revisión del alumbrado público inteligente LED<time datetime=""12.7.2021""> (12.7.2021)</time></a>», p. 4"
espacio entre registros;1 0 # Espacio entre registros Espacio entre registros es la distancia que hay entre dos registros en una base de datos. ## Definición Espacio entre re.;Termcat;Variants: espacio entre registros | Domains: EDUCATION AND COMMUNICATIONS | Context: área de un soporte de memoria, generalmente los soportes magnéticos como la cinta o el disco, que no contienen información y sirve para delimitar registros físicos y, en las cintas, permite la parada del carrete y el rearranque entre bloques contiguos previniendo así la pérdida u omisión de datos | Ref: Termcat
transmitir;;;Variants: transmitir | Domains: EDUCATION AND COMMUNICATIONS | Context: acción por la que una estación genera una trama, un testigo, una secuencia de interrupción, etc., y los coloca en el medio para su envío a la estación siguiente,Antonio Soto López, Alcatel, Madrid
soluciones de interoperabilidad para las administraciones públicas europeas;## soluciones de interoperabilidad para las administraciones públicas europeas Soluciones de interoperabilidad para las administraciones públicas euro.;"Consejo-ES basado en Decisión n° 922/2009/CE del Parlamento Europeo y del Consejo relativa a las soluciones de interoperabilidad para las administraciones públicas europeas <a href=""http://eur-lex.europa.eu/legal-content/ES/TXT/?uri=CELEX:32009D0922"" target=""_blank"">CELEX:32009D0922/ES</a>";"Variants: soluciones de interoperabilidad para las administraciones públicas europeas | Domains: EDUCATION AND COMMUNICATIONS | Context: Programa de armonización tecnológica y organizativa cuyo objetivo es apoyar la cooperación entre las administraciones públicas europeas de todos los niveles mediante la promoción de una interacción electrónica transfronteriza e intersectorial eficaz. | Ref: Consejo-ES basado en Decisión n° 922/2009/CE del Parlamento Europeo y del Consejo relativa a las soluciones de interoperabilidad para las administraciones públicas europeas <a href=""http://eur-lex.europa.eu/legal-content/ES/TXT/?uri=CELEX:32009D0922"" target=""_blank"">CELEX:32009D0922/ES</a>"
firma;``` firma ``` Ejemplo: ``` La firma es la parte más importante del documento, ya que es donde se encuentra la información más relevante. ``` ## ¿Qué e.;TIBI-CENTAURUS;Variants: firma | Domains: EDUCATION AND COMMUNICATIONS | Context: parte de una especificación algebraica que define algunas convenciones de designación, un conjunto de nombres de campos y de operaciones | Ref: TIBI-CENTAURUS
verificación programada;1 0 # verificación programada ## definición: La verificación programada es una práctica que se utiliza en la industria del software para garantizar qu.;International Accounting Lexicon (U.E.C.)-Cuentas de Grupo;Variants: verificación programada | Domains: EDUCATION AND COMMUNICATIONS | Context: controles establecidos por el programador e introducidos en el programa | Ref: International Accounting Lexicon (U.E.C.)-Cuentas de Grupo
separación de bloques;1 0 # Separación de bloques Separación de bloques es la división de una base de datos en varias partes, cada una de las cuales se almacena en un disco.;CCITT Rc.E. 165;Variants: separación de bloques | Domains: EDUCATION AND COMMUNICATIONS | Context: información que indica que el próximo carácter es el primero de un bloque de información suplementaria | Ref: CCITT Rc.E. 165
autómata celular;Un autómata celular es una máquina abstracta que se utiliza para estudiar la complejidad computacional. Es un modelo matemático que consiste en una re.;TIBI-CENTAURUS;"Variants: autómata celular | Domains: EDUCATION AND COMMUNICATIONS | Context: modelo matemático simple constituido por componentes idénticos o ""células"" que pueden encontrarse en estados diferentes y evolucionando según un conjunto de reglas simples, pero cuya reunión en ""colonias"" hace aparecer estructuras de una complejidad casi sin límites | Ref: TIBI-CENTAURUS"
publicidad en línea engañosa;## publicidad engañosa ### Definición La publicidad engañosa es una forma de publicidad que se utiliza para engañar a los consumidores, haciéndoles cr.;"COM-ES a partir del <a href=""https://www.incibe.es/sites/default/files/contenidos/guias/doc/guia_glosario_ciberseguridad_metad.pdf"" target=""_blank""><i>Glosario de términos de ciberseguridad: una guía de aproximación para el empresario</i> <time datetime=""19.6.2019"">(19.6.2019)</time></a>, Instituto Nacional de Ciberseguridad, León, 2017";"Variants: publicidad en línea engañosa | Domains: EDUCATION AND COMMUNICATIONS | Context: Acción de difundir subrepticiamente programas maliciosos [ <a href=""/entry/result/922349/all"" id=""ENTRY_TO_ENTRY_CONVERTER"" target=""_blank"">IATE:922349</a> ] mediante publicidad en línea. | Ref: COM-ES a partir del <a href=""https://www.incibe.es/sites/default/files/contenidos/guias/doc/guia_glosario_ciberseguridad_metad.pdf"" target=""_blank""><i>Glosario de términos de ciberseguridad: una guía de aproximación para el empresario</i> <time datetime=""19.6.2019"">(19.6.2019)</time></a>, Instituto Nacional de Ciberseguridad, León, 2017"
memoria del sistema;``` La memoria del sistema es una parte importante del hardware de un computador que se utiliza para almacenar los programas y los datos que están sie.;COM-ES;Variants: memoria del sistema | Domains: EDUCATION AND COMMUNICATIONS | Context: Memoria que contiene las instrucciones que ejecuta el procesador y los datos a los que se aplican estas instrucciones. | Ref: COM-ES
detección automática de velocidad de bauds;## Answer 1, authority 100% Automatic detection of baud rate is the process of determining the speed at which data is transmitted over a communication.;Glos.términos telecomunicaciones,Praxis Telecom,Ensenada,México,1999;Variants: detección automática de velocidad de bauds | Domains: EDUCATION AND COMMUNICATIONS | Context: proceso por el cual un dispositivo receptor determina la velocidad, el nivel de código y los bits de paro (stop bits) examinando el primer carácter de una serie de datos asíncronos de entrada, generalmente un carácter preseleccionado | Ref: Glos.términos telecomunicaciones,Praxis Telecom,Ensenada,México,1999
interbloqueo;1 0 # interbloqueo ## Definición En la legislación española, se denomina **interbloqueo** a una medida cautelar que consiste en impedir la ejecución d.;Dicc. G. Nania, 1985;Variants: interbloqueo | Domains: EDUCATION AND COMMUNICATIONS | Context: estado en el que dos o más procesos o tareas concurrentes se esperan mutuamente por tiempo indefinido, debido a que, mientras esperan, retienen recursos que otros procesos detenidos necesitan para progresar | Ref: Dicc. G. Nania, 1985
acuse de recibo;Un acuse de recibo es una declaración escrita que confirma la recepción de un artículo o servicio por parte de una persona o empresa. Este documento p.; CCITT, Libro rojo, X. 200;Variants: acuse de recibo | Domains: EDUCATION AND COMMUNICATIONS | Context: unción de la capa (N) que permite a una entidad receptora (N) informar a una entidad emisora (N) de la recepción de una unidad de datos de protocolo (N) | Ref: CCITT, Libro rojo, X. 200
error;``` error ``` Ejemplo: ``` error ``` ## ¿Qué es error? Un error es una falta o defecto que se produce en la ejecución de un programa informático, lo c.;"Consejo-ES, a partir de diversas fuentes, en particular:<div><a href=""https://www.incibe.es/sites/default/files/contenidos/guias/doc/guia_glosario_ciberseguridad_2021.pdf"" target=""_blank"">Glosario de términos de ciberseguridad: una guía de aproximación para el empresario<time datetime=""27.4.2023""> (27.4.2023)</time></a>, Secretaría de Estado de Digitalización e Inteligencia Artificial, 2021.</div>";"Variants: error | Domains: EDUCATION AND COMMUNICATIONS | Context: Error o fallo en la codificación del programa de un dispositivo o sistema de <i>software </i>que desencadena un resultado inesperado e indeseado. | Ref: Consejo-ES, a partir de diversas fuentes, en particular:<div><a href=""https://www.incibe.es/sites/default/files/contenidos/guias/doc/guia_glosario_ciberseguridad_2021.pdf"" target=""_blank"">Glosario de términos de ciberseguridad: una guía de aproximación para el empresario<time datetime=""27.4.2023""> (27.4.2023)</time></a>, Secretaría de Estado de Digitalización e Inteligencia Artificial, 2021.</div>"
generalización;## generalization (1) The process of reducing the number of categories in a data set by combining similar categories into one category. For example, i.;Dicc. de cartografía, A.R. Alcalá, et al., coord. I. Otero, Ed. de las Ciencias Sociales, Madrid, 1995;Variants: generalización | Domains: EDUCATION AND COMMUNICATIONS | Context: proceso de simplificación del contenido temático o geométrico de un mapa, como consecuencia, por ejemplo, de una reducción de la escala de un mapa | Ref: Dicc. de cartografía, A.R. Alcalá, et al., coord. I. Otero, Ed. de las Ciencias Sociales, Madrid, 1995
almacenamiento de archivos en línea;## almacenamiento de archivos en línea ### Definición y significado del término 'almacenamiento de archivos en línea' #### Significado de 'almacenamie.;"""WIHE"", <a href=""http://www.wihe.net/mejores-servicios-almacenamiento-archivos-linea/"" target=""_blank"">http://www.wihe.net/mejores-servicios-almacenamiento-archivos-linea/</a> (12.8.2013)";"Variants: almacenamiento de archivos en línea | Domains: EDUCATION AND COMMUNICATIONS | Context: Servicio de gestión de almacenamiento de datos en Internet, permite guardar datos, compartir datos y sincronizar los archivos de diferentes dispositivos. | Ref: ""WIHE"", <a href=""http://www.wihe.net/mejores-servicios-almacenamiento-archivos-linea/"" target=""_blank"">http://www.wihe.net/mejores-servicios-almacenamiento-archivos-linea/</a> (12.8.2013)"
lenguaje objeto;1. 2. 3. 4. 5. 6. 7. 8. 9. 10. 11. 12. 13. 14. 15. 16. 17. 18. 19. 20. # lenguaje objeto ## Definición Un lenguaje de programación orientado a objetos.;J.A. Alonso y J.M. Otero, Ingenieros;Variants: lenguaje objeto | Domains: EDUCATION AND COMMUNICATIONS | Context: lenguaje al cual se traducen las sentencias | Ref: J.A. Alonso y J.M. Otero, Ingenieros
usuario del servicio;## usuario del servicio ### Definición Usuario del servicio es la persona que utiliza los servicios de una empresa o organización, por ejemplo, un cli.;CCITT, Libro rojo, X. 210;Variants: usuario del servicio | Domains: EDUCATION AND COMMUNICATIONS | Context: representación abstracta de la totalidad de las entidades de un mismo sistema que utilizan un servicio a través de un mismo punto de acceso al servicio | Ref: CCITT, Libro rojo, X. 210
manipulación de datos;## manipulation of data noun 1. the act or process of manipulating data, especially in a computer system. 2. the act or process of altering data to ma.;Termcat;Variants: manipulación de datos | Domains: EDUCATION AND COMMUNICATIONS | Context: conjunto de operaciones estándar de clasificación, intercalación, entrada/salida y generación de informes | Ref: Termcat
acceso múltiple;Acceso múltiple es la posibilidad que tiene un usuario de conectarse a una red de computadoras desde varios lugares, por ejemplo, desde su casa o desd.;DIV: dr;Variants: acceso múltiple | Domains: EDUCATION AND COMMUNICATIONS | Context: Capacidad que tiene un sistema para que se pueda acceder a él a través de dos o más terminals. | Ref: DIV: dr
conexión punto a punto;## Conexión punto a punto ### Definición Conexión punto a punto es una conexión entre dos dispositivos que no pasan por ningún otro dispositivo interm.;"Base de datos de términos y definiciones de la Unión Internacional de Telecomunicaciones (UIT) <br> <a href=""http://www.itu.int/ITU-R/asp/terminology-definition.asp?lang=es&amp;rlink={7A22CD33-C7AD-4F67-A5B1-87623797157D}"" target=""_blank"">http://www.itu.int/ITU-R/asp/terminology-definition.asp?lang=es&amp;rlink={7A22CD33-C7AD-4F67-A5B1-87623797157D}</a> [3-12-2013]";"Variants: conexión punto a punto | Domains: EDUCATION AND COMMUNICATIONS | Context: Conexión entre dos entidades. | Ref: Base de datos de términos y definiciones de la Unión Internacional de Telecomunicaciones (UIT) <br> <a href=""http://www.itu.int/ITU-R/asp/terminology-definition.asp?lang=es&amp;rlink={7A22CD33-C7AD-4F67-A5B1-87623797157D}"" target=""_blank"">http://www.itu.int/ITU-R/asp/terminology-definition.asp?lang=es&amp;rlink={7A22CD33-C7AD-4F67-A5B1-87623797157D}</a> [3-12-2013]"
análisis dinámico;``` ``` ``` ``` ``` ``` ``` ``` ``` ``` ``` ``` ``` ``` ``` ``` ``` ``` ``` ``` ``` ``` ``` ``` ``` ``` ``` ``` ``` ``` ``` ```;TIBI CENTAURUS;Variants: análisis dinámico | Domains: EDUCATION AND COMMUNICATIONS | Context: proceso que consiste en evaluar un programa en función de su ejecución | Ref: TIBI CENTAURUS
herramienta software;## herramienta software ### definición Herramienta software es un programa que se utiliza para realizar una tarea específica, como por ejemplo, editar.;TIBI-CENTAURUS;Variants: herramienta software | Domains: EDUCATION AND COMMUNICATIONS | Context: programa de ordenador que sirve para desarrollar, probar, analizar o mantener otro programa de ordenador y/o su documentación | Ref: TIBI-CENTAURUS
software integrado;## Definición de software integrado Software integrated is a type of software that combines multiple applications into one package. This can be done f.;TIBI CENTAURUS;Variants: software integrado | Domains: EDUCATION AND COMMUNICATIONS | Context: equipo lógico que combina varias funciones, tales como el tratamiento de texto, la hoja de cálculo, la gestión de ficheros, la representación de gráficos, etc | Ref: TIBI CENTAURUS
cierre de sesión;Cierre de sesión es la acción de finalizar una sesión de trabajo en un sistema informático, por lo general mediante la salida del usuario o la inactiv.;J.A. Alonso y J.M. Otero, Ingenieros;Variants: cierre de sesión | Domains: EDUCATION AND COMMUNICATIONS | Context: instrucción que permite terminar una sesión | Ref: J.A. Alonso y J.M. Otero, Ingenieros
